,Invested,Total,Profit
USD,5584,7485.498636000006,1901.4986360000057
ILS,19303,26773.187346038863,7470.187346038863
