,Invested,Total,Profit
USD,8514,13944.26700056,5430.267000559999
ILS,29426,49874.09536269405,20448.095362694054
